,cust_id,profitable_flag
0,569986,0
1,569987,0
2,569988,0
3,569989,0
4,569990,0
5,569991,0
6,569992,0
7,569993,0
8,569994,0
9,569995,0
10,569996,0
11,569997,0
12,569998,0
13,569999,0
14,570000,0
15,570001,0
16,570002,0
17,570003,0
18,570004,0
19,570005,0
20,570006,0
21,570007,0
22,570008,0
23,570009,0
24,570010,0
25,570011,0
26,570012,0
27,570013,0
28,570014,0
29,570015,0
30,570016,0
31,570017,0
32,570018,0
33,570019,0
34,570020,0
35,570021,0
36,570022,0
37,570023,1
38,570024,0
39,570025,0
40,570026,0
41,570027,0
42,570028,0
43,570029,0
44,570030,0
45,570031,0
46,570032,0
47,570033,0
48,570034,0
49,570035,0
50,570036,0
51,570037,0
52,570038,0
53,570039,0
54,570040,0
55,570041,0
56,570042,0
57,570043,0
58,570044,0
59,570045,0
60,570046,0
61,570047,0
62,570048,0
63,570049,0
64,570050,0
65,570051,0
66,570052,0
67,570053,1
68,570054,0
69,570055,0
70,570056,0
71,570057,0
72,570058,0
73,570059,0
74,570060,0
75,570061,0
76,570062,0
77,570063,0
78,570064,0
79,570065,0
80,570066,0
81,570067,0
82,570068,0
83,570069,0
84,570070,0
85,570071,0
86,570072,0
87,570073,0
88,570074,0
89,570075,0
90,570076,0
91,570077,0
92,570078,0
93,570079,0
94,570080,0
95,570081,0
96,570082,0
97,570083,1
98,570084,0
99,570085,0
100,570086,0
101,570087,0
102,570088,0
103,570089,0
104,570090,0
105,570091,0
106,570092,0
107,570093,0
108,570094,0
109,570095,0
110,570096,0
111,570097,0
112,570098,0
113,570099,0
114,570100,0
115,570101,0
116,570102,0
117,570103,0
118,570104,0
119,570105,0
120,570106,0
121,570107,0
122,570108,0
123,570109,1
124,570110,1
125,570111,0
126,570112,0
127,570113,0
128,570114,0
129,570115,0
130,570116,0
131,570117,0
132,570118,0
133,570119,0
134,570120,0
135,570121,0
136,570122,0
137,570123,0
138,570124,0
139,570125,0
140,570126,0
141,570127,0
142,570128,0
143,570129,0
144,570130,0
145,570131,0
146,570132,0
147,570133,0
148,570134,0
149,570135,0
150,570136,0
151,570137,0
152,570138,0
153,570139,0
154,570140,0
155,570141,1
156,570142,0
157,570143,0
158,570144,0
159,570145,0
160,570146,0
161,570147,0
162,570148,0
163,570149,0
164,570150,0
165,570151,0
166,570152,0
167,570153,0
168,570154,0
169,570155,0
170,570156,0
171,570157,0
172,570158,0
173,570159,0
174,570160,0
175,570161,0
176,570162,0
177,570163,0
178,570164,0
179,570165,0
180,570166,0
181,570167,0
182,570168,0
183,570169,0
184,570170,0
185,570171,0
186,570172,0
187,570173,0
188,570174,0
189,570175,0
190,570176,0
191,570177,0
192,570178,0
193,570179,0
194,570180,0
195,570181,0
196,570182,0
197,570183,0
198,570184,0
199,570185,0
200,570186,0
201,570187,0
202,570188,0
203,570189,0
204,570190,0
205,570191,1
206,570192,0
207,570193,0
208,570194,0
209,570195,0
210,570196,0
211,570197,0
212,570198,0
213,570199,0
214,570200,0
215,570201,0
216,570202,0
217,570203,0
218,570204,0
219,570205,0
220,570206,0
221,570207,0
222,570208,0
223,570209,0
224,570210,0
225,570211,0
226,570212,0
227,570213,0
228,570214,0
229,570215,0
230,570216,0
231,570217,0
232,570218,0
233,570219,0
234,570220,0
235,570221,0
236,570222,0
237,570223,0
238,570224,0
239,570225,0
240,570226,0
241,570227,0
242,570228,0
243,570229,0
244,570230,0
245,570231,0
246,570232,0
247,570233,0
248,570234,0
249,570235,1
250,570236,0
251,570237,1
252,570238,0
253,570239,0
254,570240,0
255,570241,0
256,570242,0
257,570243,0
258,570244,0
259,570245,0
260,570246,0
261,570247,0
262,570248,1
263,570249,0
264,570250,0
265,570251,1
266,570252,0
267,570253,0
268,570254,0
269,570255,0
270,570256,0
271,570257,0
272,570258,0
273,570259,0
274,570260,0
275,570261,0
276,570262,0
277,570263,0
278,570264,0
279,570265,1
280,570266,0
281,570267,0
282,570268,0
283,570269,0
284,570270,1
285,570271,0
286,570272,0
287,570273,0
288,570274,0
289,570275,0
290,570276,0
291,570277,0
292,570278,0
293,570279,0
294,570280,0
295,570281,0
296,570282,0
297,570283,0
298,570284,0
299,570285,0
300,570286,0
301,570287,0
302,570288,0
303,570289,0
304,570290,0
305,570291,0
306,570292,0
307,570293,0
308,570294,0
309,570295,0
310,570296,0
311,570297,0
312,570298,0
313,570299,0
314,570300,0
315,570301,0
316,570302,0
317,570303,0
318,570304,0
319,570305,0
320,570306,0
321,570307,0
322,570308,0
323,570309,0
324,570310,0
325,570311,0
326,570312,0
327,570313,0
328,570314,0
329,570315,0
330,570316,0
331,570317,0
332,570318,0
333,570319,0
334,570320,0
335,570321,0
336,570322,0
337,570323,0
338,570324,0
339,570325,0
340,570326,0
341,570327,0
342,570328,0
343,570329,0
344,570330,0
345,570331,0
346,570332,0
347,570333,0
348,570334,0
349,570335,0
350,570336,0
351,570337,0
352,570338,0
353,570339,0
354,570340,0
355,570341,0
356,570342,0
357,570343,0
358,570344,0
359,570345,0
360,570346,0
361,570347,1
362,570348,0
363,570349,0
364,570350,1
365,570351,0
366,570352,0
367,570353,0
368,570354,0
369,570355,0
370,570356,0
371,570357,1
372,570358,0
373,570359,0
374,570360,1
375,570361,0
376,570362,0
377,570363,0
378,570364,0
379,570365,0
380,570366,0
381,570367,0
382,570368,0
383,570369,0
384,570370,0
385,570371,0
386,570372,0
387,570373,0
388,570374,0
389,570375,0
390,570376,0
391,570377,0
392,570378,0
393,570379,0
394,570380,0
395,570381,0
396,570382,0
397,570383,0
398,570384,0
399,570385,0
400,570386,0
401,570387,0
402,570388,0
403,570389,1
404,570390,0
405,570391,0
406,570392,0
407,570393,0
408,570394,0
409,570395,0
410,570396,0
411,570397,0
412,570398,0
413,570399,0
414,570400,0
415,570401,0
416,570402,0
417,570403,0
418,570404,0
419,570405,0
420,570406,1
421,570407,0
422,570408,0
423,570409,0
424,570410,0
425,570411,0
426,570412,0
427,570413,0
428,570414,0
429,570415,0
430,570416,0
431,570417,0
432,570418,0
433,570419,0
434,570420,0
435,570421,0
436,570422,0
437,570423,0
438,570424,0
439,570425,1
440,570426,0
441,570427,0
442,570428,0
443,570429,0
444,570430,0
445,570431,0
446,570432,0
447,570433,0
448,570434,0
449,570435,0
450,570436,0
451,570437,0
452,570438,0
453,570439,0
454,570440,0
455,570441,0
456,570442,0
457,570443,0
458,570444,0
459,570445,0
460,570446,0
461,570447,0
462,570448,0
463,570449,0
464,570450,0
465,570451,0
466,570452,0
467,570453,0
468,570454,0
469,570455,0
470,570456,0
471,570457,0
472,570458,0
473,570459,0
474,570460,0
475,570461,0
476,570462,0
477,570463,0
478,570464,1
479,570465,0
480,570466,0
481,570467,0
482,570468,0
483,570469,0
484,570470,0
485,570471,0
486,570472,0
487,570473,0
488,570474,0
489,570475,0
490,570476,0
491,570477,0
492,570478,0
493,570479,0
494,570480,0
495,570481,0
496,570482,0
497,570483,0
498,570484,0
499,570485,0
500,570486,0
501,570487,0
502,570488,0
503,570489,0
504,570490,0
505,570491,0
506,570492,0
507,570493,0
508,570494,0
509,570495,0
510,570496,0
511,570497,0
512,570498,0
513,570499,0
514,570500,0
515,570501,0
516,570502,0
517,570503,0
518,570504,0
519,570505,0
520,570506,0
521,570507,0
522,570508,0
523,570509,0
524,570510,0
525,570511,1
526,570512,0
527,570513,0
528,570514,0
529,570515,0
530,570516,0
531,570517,0
532,570518,0
533,570519,0
534,570520,0
535,570521,0
536,570522,0
537,570523,0
538,570524,0
539,570525,0
540,570526,0
541,570527,0
542,570528,0
543,570529,1
544,570530,0
545,570531,0
546,570532,0
547,570533,0
548,570534,0
549,570535,0
550,570536,0
551,570537,0
552,570538,0
553,570539,0
554,570540,0
555,570541,0
556,570542,1
557,570543,0
558,570544,0
559,570545,0
560,570546,0
561,570547,0
562,570548,1
563,570549,0
564,570550,0
565,570551,0
566,570552,0
567,570553,0
568,570554,0
569,570555,0
570,570556,0
571,570557,0
572,570558,0
573,570559,0
574,570560,0
575,570561,0
576,570562,0
577,570563,0
578,570564,0
579,570565,0
580,570566,0
581,570567,0
582,570568,0
583,570569,0
584,570570,0
585,570571,0
586,570572,1
587,570573,1
588,570574,0
589,570575,1
590,570576,0
591,570577,0
592,570578,0
593,570579,0
594,570580,0
595,570581,0
596,570582,0
597,570583,0
598,570584,0
599,570585,0
600,570586,0
601,570587,0
602,570588,1
603,570589,0
604,570590,0
605,570591,0
606,570592,0
607,570593,0
608,570594,0
609,570595,0
610,570596,0
611,570597,0
612,570598,0
613,570599,0
614,570600,0
615,570601,0
616,570602,0
617,570603,0
618,570604,0
619,570605,0
620,570606,0
621,570607,0
622,570608,0
623,570609,0
624,570610,0
625,570611,0
626,570612,0
627,570613,0
628,570614,0
629,570615,0
630,570616,0
631,570617,0
632,570618,0
633,570619,0
634,570620,0
635,570621,0
636,570622,0
637,570623,0
638,570624,0
639,570625,0
640,570626,0
641,570627,0
642,570628,0
643,570629,0
644,570630,0
645,570631,0
646,570632,1
647,570633,1
648,570634,0
649,570635,0
650,570636,0
651,570637,0
652,570638,0
653,570639,0
654,570640,0
655,570641,0
656,570642,1
657,570643,0
658,570644,0
659,570645,0
660,570646,0
661,570647,0
662,570648,0
663,570649,0
664,570650,0
665,570651,0
666,570652,0
667,570653,0
668,570654,0
669,570655,0
670,570656,0
671,570657,0
672,570658,0
673,570659,0
674,570660,0
675,570661,0
676,570662,0
677,570663,0
678,570664,0
679,570665,0
680,570666,0
681,570667,0
682,570668,0
683,570669,1
684,570670,0
685,570671,0
686,570672,0
687,570673,0
688,570674,0
689,570675,0
690,570676,0
691,570677,0
692,570678,0
693,570679,0
694,570680,0
695,570681,0
696,570682,0
697,570683,0
698,570684,0
699,570685,0
700,570686,0
701,570687,0
702,570688,0
703,570689,0
704,570690,0
705,570691,0
706,570692,0
707,570693,0
708,570694,0
709,570695,0
710,570696,0
711,570697,0
712,570698,0
713,570699,0
714,570700,0
715,570701,0
716,570702,0
717,570703,1
718,570704,0
719,570705,0
720,570706,0
721,570707,0
722,570708,0
723,570709,0
724,570710,0
725,570711,1
726,570712,0
727,570713,0
728,570714,0
729,570715,0
730,570716,0
731,570717,0
732,570718,0
733,570719,0
734,570720,0
735,570721,0
736,570722,0
737,570723,0
738,570724,0
739,570725,0
740,570726,0
741,570727,0
742,570728,0
743,570729,0
744,570730,0
745,570731,0
746,570732,0
747,570733,0
748,570734,0
749,570735,1
750,570736,0
751,570737,0
752,570738,0
753,570739,0
754,570740,0
755,570741,0
756,570742,1
757,570743,0
758,570744,0
759,570745,0
760,570746,0
761,570747,0
762,570748,1
763,570749,0
764,570750,0
765,570751,0
766,570752,0
767,570753,0
768,570754,0
769,570755,0
770,570756,0
771,570757,0
772,570758,0
773,570759,0
774,570760,0
775,570761,0
776,570762,0
777,570763,0
778,570764,0
779,570765,0
780,570766,0
781,570767,0
782,570768,0
783,570769,0
784,570770,0
785,570771,0
786,570772,0
787,570773,0
788,570774,0
789,570775,0
790,570776,0
791,570777,0
792,570778,0
793,570779,0
794,570780,0
795,570781,0
796,570782,0
797,570783,0
798,570784,0
799,570785,0
800,570786,0
801,570787,0
802,570788,0
803,570789,0
804,570790,0
805,570791,0
806,570792,0
807,570793,0
808,570794,0
809,570795,1
810,570796,0
811,570797,0
812,570798,0
813,570799,0
814,570800,0
815,570801,0
816,570802,0
817,570803,1
818,570804,0
819,570805,0
820,570806,0
821,570807,0
822,570808,0
823,570809,0
824,570810,1
825,570811,0
826,570812,0
827,570813,0
828,570814,0
829,570815,0
830,570816,0
831,570817,0
832,570818,0
833,570819,0
834,570820,0
835,570821,0
836,570822,0
837,570823,0
838,570824,0
839,570825,1
840,570826,0
841,570827,0
842,570828,0
843,570829,0
844,570830,0
845,570831,0
846,570832,0
847,570833,0
848,570834,0
849,570835,0
850,570836,0
851,570837,0
852,570838,1
853,570839,0
854,570840,1
855,570841,0
856,570842,0
857,570843,0
858,570844,0
859,570845,0
860,570846,0
861,570847,0
862,570848,0
863,570849,1
864,570850,0
865,570851,0
866,570852,0
867,570853,0
868,570854,0
869,570855,0
870,570856,0
871,570857,0
872,570858,0
873,570859,0
874,570860,0
875,570861,0
876,570862,0
877,570863,0
878,570864,0
879,570865,0
880,570866,0
881,570867,0
882,570868,0
883,570869,0
884,570870,0
885,570871,0
886,570872,0
887,570873,0
888,570874,0
889,570875,0
890,570876,0
891,570877,0
892,570878,0
893,570879,0
894,570880,0
895,570881,1
896,570882,0
897,570883,0
898,570884,0
899,570885,0
900,570886,0
901,570887,0
902,570888,0
903,570889,0
904,570890,0
905,570891,0
906,570892,1
907,570893,0
908,570894,0
909,570895,0
910,570896,0
911,570897,0
912,570898,0
913,570899,0
914,570900,0
915,570901,0
916,570902,0
917,570903,0
918,570904,0
919,570905,0
920,570906,0
921,570907,0
922,570908,0
923,570909,0
924,570910,0
925,570911,0
926,570912,0
927,570913,0
928,570914,0
929,570915,0
930,570916,0
931,570917,1
932,570918,0
933,570919,0
934,570920,0
935,570921,0
936,570922,0
937,570923,0
938,570924,0
939,570925,0
940,570926,0
941,570927,0
942,570928,0
943,570929,0
944,570930,0
945,570931,0
946,570932,0
947,570933,0
948,570934,0
949,570935,0
950,570936,0
951,570937,0
952,570938,1
953,570939,0
954,570940,0
955,570941,0
956,570942,1
957,570943,0
958,570944,0
959,570945,0
960,570946,0
961,570947,0
962,570948,0
963,570949,0
964,570950,0
965,570951,0
966,570952,0
967,570953,0
968,570954,0
969,570955,0
970,570956,0
971,570957,0
972,570958,0
973,570959,0
974,570960,0
975,570961,0
976,570962,0
977,570963,0
978,570964,1
979,570965,0
980,570966,0
981,570967,0
982,570968,0
983,570969,0
984,570970,0
985,570971,0
986,570972,0
987,570973,0
988,570974,0
989,570975,0
990,570976,0
991,570977,0
992,570978,0
993,570979,0
994,570980,0
995,570981,0
996,570982,0
997,570983,0
998,570984,0
999,570985,0
1000,570986,0
1001,570987,0
1002,570988,0
1003,570989,1
1004,570990,0
1005,570991,0
1006,570992,0
1007,570993,0
1008,570994,0
1009,570995,0
1010,570996,0
1011,570997,0
1012,570998,0
1013,570999,0
1014,571000,0
1015,571001,0
1016,571002,0
1017,571003,0
1018,571004,0
1019,571005,0
1020,571006,0
1021,571007,0
1022,571008,0
1023,571009,0
1024,571010,0
1025,571011,0
1026,571012,0
1027,571013,0
1028,571014,0
1029,571015,0
1030,571016,0
1031,571017,0
1032,571018,1
1033,571019,0
1034,571020,0
1035,571021,0
1036,571022,0
1037,571023,0
1038,571024,0
1039,571025,0
1040,571026,0
1041,571027,0
1042,571028,0
1043,571029,0
1044,571030,0
1045,571031,1
1046,571032,1
1047,571033,0
1048,571034,0
1049,571035,0
1050,571036,0
1051,571037,0
1052,571038,0
1053,571039,0
1054,571040,1
1055,571041,0
1056,571042,0
1057,571043,0
1058,571044,0
1059,571045,1
1060,571046,0
1061,571047,0
1062,571048,0
1063,571049,0
1064,571050,0
1065,571051,0
1066,571052,0
1067,571053,0
1068,571054,0
1069,571055,0
1070,571056,0
1071,571057,1
1072,571058,0
1073,571059,0
1074,571060,0
1075,571061,0
1076,571062,0
1077,571063,1
1078,571064,0
1079,571065,0
1080,571066,0
1081,571067,0
1082,571068,0
1083,571069,0
1084,571070,0
1085,571071,0
1086,571072,0
1087,571073,0
1088,571074,0
1089,571075,0
1090,571076,0
1091,571077,0
1092,571078,0
1093,571079,1
1094,571080,0
1095,571081,0
1096,571082,0
1097,571083,0
1098,571084,0
1099,571085,1
1100,571086,0
1101,571087,0
1102,571088,0
1103,571089,0
1104,571090,0
1105,571091,0
1106,571092,0
1107,571093,0
1108,571094,0
1109,571095,0
1110,571096,0
1111,571097,0
1112,571098,0
1113,571099,0
1114,571100,1
1115,571101,0
1116,571102,0
1117,571103,0
1118,571104,0
1119,571105,1
1120,571106,0
1121,571107,0
1122,571108,0
1123,571109,0
1124,571110,0
1125,571111,0
1126,571112,0
1127,571113,0
1128,571114,0
1129,571115,0
1130,571116,0
1131,571117,0
1132,571118,0
1133,571119,0
1134,571120,0
1135,571121,0
1136,571122,1
1137,571123,0
1138,571124,0
1139,571125,0
1140,571126,0
1141,571127,0
1142,571128,0
1143,571129,0
1144,571130,0
1145,571131,0
1146,571132,0
1147,571133,0
1148,571134,0
1149,571135,0
1150,571136,0
1151,571137,1
1152,571138,0
1153,571139,0
1154,571140,0
1155,571141,0
1156,571142,0
1157,571143,0
1158,571144,0
1159,571145,0
1160,571146,0
1161,571147,0
1162,571148,0
1163,571149,0
1164,571150,0
1165,571151,0
1166,571152,0
1167,571153,0
1168,571154,0
1169,571155,0
1170,571156,0
1171,571157,0
1172,571158,0
1173,571159,0
1174,571160,0
1175,571161,0
1176,571162,0
1177,571163,0
1178,571164,0
1179,571165,0
1180,571166,0
1181,571167,0
1182,571168,0
1183,571169,0
1184,571170,0
1185,571171,0
1186,571172,0
1187,571173,0
1188,571174,0
1189,571175,0
1190,571176,0
1191,571177,0
1192,571178,0
1193,571179,0
1194,571180,0
1195,571181,1
1196,571182,0
1197,571183,0
1198,571184,0
1199,571185,0
1200,571186,0
1201,571187,0
1202,571188,0
1203,571189,0
1204,571190,0
1205,571191,0
1206,571192,0
1207,571193,0
1208,571194,0
1209,571195,0
1210,571196,0
1211,571197,0
1212,571198,0
1213,571199,0
1214,571200,0
1215,571201,1
1216,571202,0
1217,571203,0
1218,571204,0
1219,571205,0
1220,571206,1
1221,571207,1
1222,571208,0
1223,571209,0
1224,571210,0
1225,571211,0
1226,571212,0
1227,571213,0
1228,571214,0
1229,571215,0
1230,571216,0
1231,571217,0
1232,571218,1
1233,571219,0
1234,571220,0
1235,571221,0
1236,571222,0
1237,571223,0
1238,571224,0
1239,571225,0
1240,571226,1
1241,571227,0
1242,571228,1
1243,571229,0
1244,571230,0
1245,571231,0
1246,571232,0
1247,571233,0
1248,571234,0
1249,571235,0
1250,571236,1
1251,571237,0
1252,571238,0
1253,571239,0
1254,571240,0
1255,571241,0
1256,571242,0
1257,571243,0
1258,571244,0
1259,571245,1
1260,571246,0
1261,571247,0
1262,571248,0
1263,571249,0
1264,571250,0
1265,571251,0
1266,571252,1
1267,571253,0
1268,571254,1
1269,571255,0
1270,571256,0
1271,571257,0
1272,571258,0
1273,571259,0
1274,571260,0
1275,571261,0
1276,571262,0
1277,571263,0
1278,571264,0
1279,571265,0
1280,571266,0
1281,571267,0
1282,571268,0
1283,571269,0
1284,571270,0
1285,571271,0
1286,571272,0
1287,571273,0
1288,571274,0
1289,571275,0
1290,571276,0
1291,571277,0
1292,571278,0
1293,571279,0
1294,571280,0
1295,571281,0
1296,571282,0
1297,571283,0
1298,571284,0
1299,571285,0
1300,571286,0
1301,571287,0
1302,571288,0
1303,571289,0
1304,571290,1
1305,571291,0
1306,571292,0
1307,571293,0
1308,571294,0
1309,571295,0
1310,571296,0
1311,571297,0
1312,571298,0
1313,571299,0
1314,571300,0
1315,571301,0
1316,571302,1
1317,571303,0
1318,571304,0
1319,571305,0
1320,571306,0
1321,571307,1
1322,571308,0
1323,571309,0
1324,571310,0
1325,571311,0
1326,571312,0
1327,571313,0
1328,571314,0
1329,571315,0
1330,571316,0
1331,571317,0
1332,571318,0
1333,571319,0
1334,571320,0
1335,571321,0
1336,571322,0
1337,571323,0
1338,571324,0
1339,571325,0
1340,571326,0
1341,571327,0
1342,571328,0
1343,571329,0
1344,571330,0
1345,571331,0
1346,571332,0
1347,571333,0
1348,571334,0
1349,571335,0
1350,571336,0
1351,571337,0
1352,571338,0
1353,571339,0
1354,571340,0
1355,571341,0
1356,571342,0
1357,571343,0
1358,571344,0
1359,571345,0
1360,571346,0
1361,571347,0
1362,571348,0
1363,571349,0
1364,571350,0
1365,571351,0
1366,571352,0
1367,571353,0
1368,571354,0
1369,571355,0
1370,571356,0
1371,571357,0
1372,571358,0
1373,571359,0
1374,571360,0
1375,571361,0
1376,571362,1
1377,571363,0
1378,571364,0
1379,571365,0
1380,571366,0
1381,571367,0
1382,571368,0
1383,571369,0
1384,571370,0
1385,571371,0
1386,571372,0
1387,571373,0
1388,571374,0
1389,571375,0
1390,571376,0
1391,571377,0
1392,571378,0
1393,571379,0
1394,571380,0
1395,571381,0
1396,571382,0
1397,571383,0
1398,571384,0
1399,571385,1
1400,571386,0
1401,571387,0
1402,571388,0
1403,571389,0
1404,571390,0
1405,571391,0
1406,571392,0
1407,571393,0
1408,571394,0
1409,571395,0
1410,571396,0
1411,571397,0
1412,571398,0
1413,571399,0
1414,571400,0
1415,571401,0
1416,571402,0
1417,571403,0
1418,571404,1
1419,571405,1
1420,571406,1
1421,571407,0
1422,571408,0
1423,571409,0
1424,571410,0
1425,571411,1
1426,571412,0
1427,571413,0
1428,571414,0
1429,571415,0
1430,571416,0
1431,571417,0
1432,571418,0
1433,571419,0
1434,571420,0
1435,571421,0
1436,571422,0
1437,571423,0
1438,571424,0
1439,571425,0
1440,571426,0
1441,571427,1
1442,571428,0
1443,571429,0
1444,571430,0
1445,571431,0
1446,571432,1
1447,571433,0
1448,571434,0
1449,571435,0
1450,571436,0
1451,571437,1
1452,571438,0
1453,571439,0
1454,571440,0
1455,571441,0
1456,571442,0
1457,571443,0
1458,571444,0
1459,571445,0
1460,571446,0
1461,571447,0
1462,571448,0
1463,571449,0
1464,571450,0
1465,571451,0
1466,571452,0
1467,571453,0
1468,571454,0
1469,571455,0
1470,571456,0
1471,571457,0
1472,571458,0
1473,571459,0
1474,571460,0
1475,571461,0
1476,571462,0
1477,571463,1
1478,571464,0
1479,571465,0
1480,571466,0
1481,571467,0
1482,571468,0
1483,571469,0
1484,571470,0
1485,571471,0
1486,571472,0
1487,571473,0
1488,571474,0
1489,571475,0
1490,571476,0
1491,571477,0
1492,571478,0
1493,571479,0
1494,571480,0
1495,571481,0
1496,571482,0
1497,571483,0
1498,571484,0
1499,571485,0
1500,571486,0
1501,571487,0
1502,571488,0
1503,571489,0
1504,571490,0
1505,571491,0
1506,571492,0
1507,571493,0
1508,571494,0
1509,571495,0
1510,571496,0
1511,571497,0
1512,571498,1
1513,571499,1
1514,571500,0
1515,571501,0
1516,571502,1
1517,571503,0
1518,571504,0
1519,571505,0
1520,571506,0
1521,571507,0
1522,571508,0
1523,571509,0
1524,571510,0
1525,571511,0
1526,571512,0
1527,571513,0
1528,571514,0
1529,571515,0
1530,571516,0
1531,571517,0
1532,571518,0
1533,571519,0
1534,571520,0
1535,571521,0
1536,571522,1
1537,571523,0
1538,571524,0
1539,571525,0
1540,571526,0
1541,571527,0
1542,571528,0
1543,571529,0
1544,571530,0
1545,571531,1
1546,571532,0
1547,571533,0
1548,571534,0
1549,571535,0
1550,571536,0
1551,571537,0
1552,571538,1
1553,571539,0
1554,571540,0
1555,571541,0
1556,571542,0
1557,571543,0
1558,571544,0
1559,571545,0
1560,571546,1
1561,571547,0
1562,571548,0
1563,571549,0
1564,571550,0
1565,571551,0
1566,571552,0
1567,571553,0
1568,571554,0
1569,571555,0
1570,571556,0
1571,571557,0
1572,571558,0
1573,571559,0
1574,571560,0
1575,571561,0
1576,571562,0
1577,571563,0
1578,571564,0
1579,571565,0
1580,571566,0
1581,571567,0
1582,571568,0
1583,571569,0
1584,571570,0
1585,571571,0
1586,571572,1
1587,571573,0
1588,571574,0
1589,571575,0
1590,571576,0
1591,571577,0
1592,571578,0
1593,571579,0
1594,571580,0
1595,571581,0
1596,571582,0
1597,571583,0
1598,571584,0
1599,571585,0
1600,571586,0
1601,571587,0
1602,571588,0
1603,571589,0
1604,571590,0
1605,571591,0
1606,571592,0
1607,571593,0
1608,571594,0
1609,571595,0
1610,571596,0
1611,571597,0
1612,571598,0
1613,571599,0
1614,571600,0
1615,571601,0
1616,571602,0
1617,571603,0
1618,571604,0
1619,571605,0
1620,571606,0
1621,571607,0
1622,571608,0
1623,571609,0
1624,571610,0
1625,571611,0
1626,571612,0
1627,571613,1
1628,571614,0
1629,571615,0
1630,571616,0
1631,571617,1
1632,571618,0
1633,571619,0
1634,571620,0
1635,571621,0
1636,571622,0
1637,571623,0
1638,571624,0
1639,571625,0
1640,571626,0
1641,571627,0
1642,571628,0
1643,571629,0
1644,571630,0
1645,571631,0
1646,571632,1
1647,571633,0
1648,571634,0
1649,571635,0
1650,571636,0
1651,571637,0
1652,571638,0
1653,571639,0
1654,571640,0
1655,571641,0
1656,571642,0
1657,571643,0
1658,571644,0
1659,571645,0
1660,571646,0
1661,571647,0
1662,571648,0
1663,571649,1
1664,571650,0
1665,571651,0
1666,571652,0
1667,571653,0
1668,571654,0
1669,571655,0
1670,571656,0
1671,571657,0
1672,571658,0
1673,571659,0
1674,571660,0
1675,571661,0
1676,571662,0
1677,571663,0
1678,571664,0
1679,571665,0
1680,571666,0
1681,571667,0
1682,571668,1
1683,571669,0
1684,571670,1
1685,571671,0
1686,571672,0
1687,571673,0
1688,571674,0
1689,571675,0
1690,571676,1
1691,571677,0
1692,571678,0
1693,571679,0
1694,571680,0
1695,571681,0
1696,571682,0
1697,571683,0
1698,571684,0
1699,571685,0
1700,571686,0
1701,571687,0
1702,571688,0
1703,571689,0
1704,571690,0
1705,571691,0
1706,571692,0
1707,571693,0
1708,571694,0
1709,571695,1
1710,571696,0
1711,571697,0
1712,571698,0
1713,571699,0
1714,571700,0
1715,571701,0
1716,571702,0
1717,571703,0
1718,571704,0
1719,571705,0
1720,571706,1
1721,571707,0
1722,571708,0
1723,571709,0
1724,571710,0
1725,571711,0
1726,571712,0
1727,571713,0
1728,571714,0
1729,571715,0
1730,571716,0
1731,571717,0
1732,571718,0
1733,571719,0
1734,571720,0
1735,571721,0
1736,571722,0
1737,571723,0
1738,571724,0
1739,571725,0
1740,571726,0
1741,571727,0
1742,571728,0
1743,571729,0
1744,571730,0
1745,571731,0
1746,571732,0
1747,571733,0
1748,571734,0
1749,571735,1
1750,571736,0
1751,571737,0
1752,571738,0
1753,571739,0
1754,571740,0
1755,571741,0
1756,571742,0
1757,571743,0
1758,571744,0
1759,571745,0
1760,571746,0
1761,571747,0
1762,571748,0
1763,571749,0
1764,571750,0
1765,571751,0
1766,571752,0
1767,571753,0
1768,571754,0
1769,571755,0
1770,571756,0
1771,571757,0
1772,571758,0
1773,571759,0
1774,571760,0
1775,571761,0
1776,571762,0
1777,571763,0
1778,571764,0
1779,571765,0
1780,571766,1
1781,571767,0
1782,571768,0
1783,571769,0
1784,571770,0
1785,571771,0
1786,571772,0
1787,571773,0
1788,571774,0
1789,571775,0
1790,571776,0
1791,571777,0
1792,571778,0
1793,571779,0
1794,571780,1
1795,571781,0
1796,571782,0
1797,571783,0
1798,571784,0
1799,571785,0
1800,571786,0
1801,571787,0
1802,571788,0
1803,571789,0
1804,571790,1
1805,571791,0
1806,571792,0
1807,571793,0
1808,571794,0
1809,571795,0
1810,571796,0
1811,571797,0
1812,571798,0
1813,571799,0
1814,571800,0
1815,571801,0
1816,571802,0
1817,571803,0
1818,571804,0
1819,571805,0
1820,571806,0
1821,571807,0
1822,571808,0
1823,571809,0
1824,571810,0
1825,571811,0
1826,571812,0
1827,571813,0
1828,571814,0
1829,571815,0
1830,571816,0
1831,571817,0
1832,571818,0
1833,571819,0
1834,571820,0
1835,571821,0
1836,571822,0
1837,571823,0
1838,571824,0
1839,571825,0
1840,571826,0
1841,571827,0
1842,571828,0
1843,571829,0
1844,571830,0
1845,571831,0
1846,571832,0
1847,571833,0
1848,571834,0
1849,571835,0
1850,571836,0
1851,571837,1
1852,571838,0
1853,571839,0
1854,571840,0
1855,571841,0
1856,571842,0
1857,571843,0
1858,571844,1
1859,571845,0
1860,571846,0
1861,571847,0
1862,571848,0
1863,571849,0
1864,571850,0
1865,571851,0
1866,571852,0
1867,571853,1
1868,571854,0
1869,571855,0
1870,571856,0
1871,571857,0
1872,571858,0
1873,571859,0
1874,571860,0
1875,571861,0
1876,571862,0
1877,571863,0
1878,571864,0
1879,571865,0
1880,571866,0
1881,571867,0
1882,571868,0
1883,571869,0
1884,571870,0
1885,571871,0
1886,571872,0
1887,571873,0
1888,571874,0
1889,571875,0
1890,571876,0
1891,571877,1
1892,571878,0
1893,571879,0
1894,571880,0
1895,571881,0
1896,571882,0
1897,571883,0
1898,571884,0
1899,571885,0
1900,571886,1
1901,571887,0
1902,571888,0
1903,571889,0
1904,571890,0
1905,571891,0
1906,571892,0
1907,571893,0
1908,571894,0
1909,571895,0
1910,571896,0
1911,571897,0
1912,571898,0
1913,571899,0
1914,571900,0
1915,571901,0
1916,571902,0
1917,571903,0
1918,571904,0
1919,571905,0
1920,571906,0
1921,571907,0
1922,571908,0
1923,571909,0
1924,571910,0
1925,571911,0
1926,571912,0
1927,571913,1
1928,571914,0
1929,571915,0
1930,571916,0
1931,571917,0
1932,571918,0
1933,571919,0
1934,571920,0
1935,571921,1
1936,571922,0
1937,571923,0
1938,571924,0
1939,571925,0
1940,571926,0
1941,571927,1
1942,571928,0
1943,571929,1
1944,571930,0
1945,571931,0
1946,571932,0
1947,571933,0
1948,571934,0
1949,571935,0
1950,571936,0
1951,571937,0
1952,571938,0
1953,571939,0
1954,571940,0
1955,571941,0
1956,571942,1
1957,571943,0
1958,571944,0
1959,571945,0
1960,571946,0
1961,571947,0
1962,571948,0
1963,571949,0
1964,571950,1
1965,571951,0
1966,571952,0
1967,571953,0
1968,571954,0
1969,571955,0
1970,571956,0
1971,571957,0
1972,571958,0
1973,571959,0
1974,571960,1
1975,571961,0
1976,571962,0
1977,571963,0
1978,571964,0
1979,571965,0
1980,571966,0
1981,571967,0
1982,571968,0
1983,571969,0
1984,571970,0
1985,571971,0
1986,571972,0
1987,571973,0
1988,571974,0
1989,571975,0
1990,571976,0
1991,571977,0
1992,571978,0
1993,571979,0
1994,571980,0
1995,571981,0
1996,571982,0
1997,571983,0
1998,571984,0
1999,571985,0
2000,571986,0
2001,571987,0
2002,571988,0
2003,571989,0
2004,571990,0
2005,571991,0
2006,571992,0
2007,571993,0
2008,571994,0
2009,571995,0
2010,571996,0
2011,571997,0
2012,571998,0
2013,571999,0
2014,572000,0
2015,572001,0
2016,572002,0
2017,572003,0
2018,572004,0
2019,572005,0
2020,572006,0
2021,572007,0
2022,572008,1
2023,572009,0
2024,572010,0
2025,572011,1
2026,572012,0
2027,572013,0
2028,572014,0
2029,572015,0
2030,572016,0
2031,572017,0
2032,572018,0
2033,572019,0
2034,572020,0
2035,572021,0
2036,572022,0
2037,572023,0
2038,572024,0
2039,572025,0
2040,572026,0
2041,572027,0
2042,572028,0
2043,572029,0
2044,572030,0
2045,572031,0
2046,572032,0
2047,572033,0
2048,572034,0
2049,572035,0
2050,572036,0
2051,572037,0
2052,572038,0
2053,572039,0
2054,572040,0
2055,572041,1
2056,572042,1
2057,572043,0
2058,572044,0
2059,572045,0
2060,572046,0
2061,572047,0
2062,572048,0
2063,572049,0
2064,572050,0
2065,572051,0
2066,572052,0
2067,572053,0
2068,572054,0
2069,572055,0
2070,572056,1
2071,572057,0
2072,572058,0
2073,572059,1
2074,572060,0
2075,572061,0
2076,572062,0
2077,572063,0
2078,572064,1
2079,572065,0
2080,572066,0
2081,572067,0
2082,572068,0
2083,572069,0
2084,572070,0
2085,572071,0
2086,572072,0
2087,572073,0
2088,572074,0
2089,572075,0
2090,572076,0
2091,572077,0
2092,572078,0
2093,572079,0
2094,572080,0
2095,572081,0
2096,572082,0
2097,572083,0
2098,572084,0
2099,572085,0
2100,572086,0
2101,572087,0
2102,572088,0
2103,572089,0
2104,572090,0
2105,572091,0
2106,572092,0
2107,572093,0
2108,572094,0
2109,572095,0
2110,572096,0
2111,572097,0
2112,572098,0
2113,572099,0
2114,572100,0
2115,572101,0
2116,572102,0
2117,572103,0
2118,572104,0
2119,572105,0
2120,572106,0
2121,572107,0
2122,572108,0
2123,572109,0
2124,572110,0
2125,572111,0
2126,572112,0
2127,572113,0
2128,572114,0
2129,572115,0
2130,572116,0
2131,572117,0
2132,572118,0
2133,572119,0
2134,572120,1
2135,572121,0
2136,572122,0
2137,572123,0
2138,572124,0
2139,572125,0
2140,572126,0
2141,572127,0
2142,572128,0
2143,572129,0
2144,572130,1
2145,572131,0
2146,572132,0
2147,572133,1
2148,572134,0
2149,572135,0
2150,572136,0
2151,572137,0
2152,572138,0
2153,572139,0
2154,572140,0
2155,572141,0
2156,572142,0
2157,572143,0
2158,572144,0
2159,572145,0
2160,572146,0
2161,572147,0
2162,572148,0
2163,572149,0
2164,572150,0
2165,572151,0
2166,572152,0
2167,572153,0
2168,572154,0
2169,572155,0
2170,572156,0
2171,572157,0
2172,572158,0
2173,572159,0
2174,572160,0
2175,572161,0
2176,572162,0
2177,572163,0
2178,572164,0
2179,572165,0
2180,572166,0
2181,572167,0
2182,572168,0
2183,572169,0
2184,572170,1
2185,572171,0
2186,572172,0
2187,572173,1
2188,572174,0
2189,572175,0
2190,572176,0
2191,572177,0
2192,572178,0
2193,572179,0
2194,572180,0
2195,572181,1
2196,572182,0
2197,572183,0
2198,572184,0
2199,572185,0
2200,572186,1
2201,572187,0
2202,572188,0
2203,572189,0
2204,572190,0
2205,572191,0
2206,572192,0
2207,572193,0
2208,572194,0
2209,572195,0
2210,572196,0
2211,572197,0
2212,572198,0
2213,572199,1
2214,572200,0
2215,572201,0
2216,572202,0
2217,572203,1
2218,572204,1
2219,572205,0
2220,572206,0
2221,572207,1
2222,572208,0
2223,572209,0
2224,572210,0
2225,572211,0
2226,572212,0
2227,572213,0
2228,572214,0
2229,572215,0
2230,572216,0
2231,572217,0
2232,572218,0
2233,572219,0
2234,572220,0
2235,572221,0
2236,572222,0
2237,572223,0
2238,572224,0
2239,572225,0
2240,572226,1
2241,572227,0
2242,572228,0
2243,572229,0
2244,572230,0
2245,572231,0
2246,572232,0
2247,572233,0
2248,572234,0
2249,572235,0
2250,572236,0
2251,572237,0
2252,572238,0
2253,572239,0
2254,572240,0
2255,572241,0
2256,572242,0
2257,572243,1
2258,572244,0
2259,572245,0
2260,572246,1
2261,572247,0
2262,572248,0
2263,572249,0
2264,572250,1
2265,572251,1
2266,572252,0
2267,572253,0
2268,572254,0
2269,572255,0
2270,572256,0
2271,572257,0
2272,572258,1
2273,572259,0
2274,572260,0
2275,572261,0
2276,572262,0
2277,572263,0
2278,572264,0
2279,572265,0
2280,572266,0
2281,572267,0
2282,572268,0
2283,572269,0
2284,572270,0
2285,572271,0
2286,572272,1
2287,572273,0
2288,572274,1
2289,572275,0
2290,572276,0
2291,572277,0
2292,572278,0
2293,572279,0
2294,572280,0
2295,572281,0
2296,572282,1
2297,572283,0
2298,572284,0
2299,572285,0
2300,572286,0
2301,572287,1
2302,572288,0
2303,572289,0
2304,572290,0
2305,572291,0
2306,572292,0
2307,572293,0
2308,572294,0
2309,572295,0
2310,572296,0
2311,572297,0
2312,572298,0
2313,572299,0
2314,572300,0
2315,572301,0
2316,572302,0
2317,572303,0
2318,572304,0
2319,572305,0
2320,572306,0
2321,572307,0
2322,572308,0
2323,572309,0
2324,572310,0
2325,572311,0
2326,572312,0
2327,572313,0
2328,572314,0
2329,572315,0
2330,572316,1
2331,572317,0
2332,572318,0
2333,572319,1
2334,572320,0
2335,572321,0
2336,572322,0
2337,572323,0
2338,572324,0
2339,572325,0
2340,572326,0
2341,572327,0
2342,572328,0
2343,572329,0
2344,572330,0
2345,572331,0
2346,572332,0
2347,572333,0
2348,572334,1
2349,572335,1
2350,572336,0
2351,572337,0
2352,572338,0
2353,572339,0
2354,572340,0
2355,572341,0
2356,572342,0
2357,572343,0
2358,572344,0
2359,572345,0
2360,572346,0
2361,572347,0
2362,572348,0
2363,572349,0
2364,572350,0
2365,572351,0
2366,572352,0
2367,572353,0
2368,572354,0
2369,572355,0
2370,572356,0
2371,572357,0
2372,572358,0
2373,572359,0
2374,572360,0
2375,572361,1
2376,572362,0
2377,572363,0
2378,572364,0
2379,572365,0
2380,572366,0
2381,572367,0
2382,572368,0
2383,572369,0
2384,572370,0
2385,572371,0
2386,572372,0
2387,572373,0
2388,572374,0
2389,572375,0
2390,572376,0
2391,572377,0
2392,572378,0
2393,572379,0
2394,572380,0
2395,572381,0
2396,572382,0
2397,572383,0
2398,572384,0
2399,572385,0
2400,572386,0
2401,572387,0
2402,572388,0
2403,572389,0
2404,572390,0
2405,572391,0
2406,572392,0
2407,572393,1
2408,572394,0
2409,572395,0
2410,572396,0
2411,572397,0
2412,572398,0
2413,572399,0
2414,572400,0
2415,572401,0
2416,572402,0
2417,572403,0
2418,572404,0
2419,572405,0
2420,572406,0
2421,572407,0
2422,572408,0
2423,572409,0
2424,572410,0
2425,572411,0
2426,572412,1
2427,572413,0
2428,572414,0
2429,572415,0
2430,572416,0
2431,572417,0
2432,572418,0
2433,572419,0
2434,572420,1
2435,572421,0
2436,572422,0
2437,572423,0
2438,572424,0
2439,572425,1
2440,572426,0
2441,572427,0
2442,572428,0
2443,572429,0
2444,572430,0
2445,572431,0
2446,572432,0
2447,572433,0
2448,572434,1
2449,572435,0
2450,572436,0
2451,572437,1
2452,572438,0
2453,572439,0
2454,572440,0
2455,572441,0
2456,572442,0
2457,572443,0
2458,572444,0
2459,572445,0
2460,572446,0
2461,572447,0
2462,572448,0
2463,572449,0
2464,572450,1
2465,572451,0
2466,572452,0
2467,572453,0
2468,572454,1
2469,572455,0
2470,572456,0
2471,572457,1
2472,572458,0
2473,572459,0
2474,572460,0
2475,572461,0
2476,572462,0
2477,572463,0
2478,572464,0
2479,572465,0
2480,572466,0
2481,572467,0
2482,572468,0
2483,572469,0
2484,572470,1
2485,572471,0
2486,572472,0
2487,572473,0
2488,572474,0
2489,572475,0
2490,572476,0
2491,572477,0
2492,572478,0
2493,572479,0
2494,572480,0
2495,572481,0
2496,572482,0
2497,572483,0
2498,572484,0
2499,572485,1
2500,572486,0
2501,572487,0
2502,572488,0
2503,572489,0
2504,572490,0
2505,572491,0
2506,572492,0
2507,572493,0
2508,572494,0
2509,572495,0
2510,572496,0
2511,572497,0
2512,572498,0
2513,572499,1
2514,572500,0
2515,572501,0
2516,572502,0
2517,572503,0
2518,572504,0
2519,572505,0
2520,572506,0
2521,572507,0
2522,572508,1
2523,572509,0
2524,572510,0
2525,572511,0
2526,572512,0
2527,572513,0
2528,572514,0
2529,572515,0
2530,572516,0
2531,572517,0
2532,572518,0
2533,572519,0
2534,572520,0
2535,572521,0
2536,572522,0
2537,572523,0
2538,572524,1
2539,572525,0
2540,572526,0
2541,572527,0
2542,572528,0
2543,572529,0
2544,572530,1
2545,572531,0
2546,572532,0
2547,572533,0
2548,572534,0
2549,572535,0
2550,572536,1
2551,572537,1
2552,572538,0
2553,572539,0
2554,572540,1
2555,572541,0
2556,572542,0
2557,572543,0
2558,572544,0
2559,572545,0
2560,572546,0
2561,572547,0
2562,572548,0
2563,572549,0
2564,572550,0
2565,572551,0
2566,572552,0
2567,572553,0
2568,572554,0
2569,572555,0
2570,572556,0
2571,572557,0
2572,572558,0
2573,572559,0
2574,572560,1
2575,572561,0
2576,572562,0
2577,572563,0
2578,572564,0
2579,572565,0
2580,572566,0
2581,572567,0
2582,572568,0
2583,572569,0
2584,572570,0
2585,572571,0
2586,572572,0
2587,572573,0
2588,572574,0
2589,572575,0
2590,572576,0
2591,572577,0
2592,572578,0
2593,572579,0
2594,572580,1
2595,572581,1
2596,572582,1
2597,572583,0
2598,572584,0
2599,572585,0
2600,572586,0
2601,572587,0
2602,572588,0
2603,572589,0
2604,572590,0
2605,572591,1
2606,572592,0
2607,572593,0
2608,572594,0
2609,572595,0
2610,572596,0
2611,572597,0
2612,572598,0
2613,572599,0
2614,572600,0
2615,572601,0
2616,572602,0
2617,572603,0
2618,572604,0
2619,572605,0
2620,572606,0
2621,572607,0
2622,572608,0
2623,572609,0
2624,572610,0
2625,572611,0
2626,572612,0
2627,572613,0
2628,572614,0
2629,572615,0
2630,572616,0
2631,572617,0
2632,572618,0
2633,572619,0
2634,572620,0
2635,572621,0
2636,572622,0
2637,572623,0
2638,572624,0
2639,572625,0
2640,572626,0
2641,572627,0
2642,572628,0
2643,572629,0
2644,572630,0
2645,572631,0
2646,572632,0
2647,572633,0
2648,572634,0
2649,572635,0
2650,572636,0
2651,572637,0
2652,572638,0
2653,572639,0
2654,572640,0
2655,572641,0
2656,572642,0
2657,572643,0
2658,572644,0
2659,572645,0
2660,572646,0
2661,572647,0
2662,572648,0
2663,572649,0
2664,572650,0
2665,572651,0
2666,572652,1
2667,572653,1
2668,572654,0
2669,572655,0
2670,572656,0
2671,572657,0
2672,572658,0
2673,572659,0
2674,572660,0
2675,572661,0
2676,572662,0
2677,572663,0
2678,572664,0
2679,572665,0
2680,572666,0
2681,572667,0
2682,572668,0
2683,572669,0
2684,572670,0
2685,572671,0
2686,572672,0
2687,572673,0
2688,572674,0
2689,572675,0
2690,572676,0
2691,572677,0
2692,572678,0
2693,572679,0
2694,572680,0
2695,572681,0
2696,572682,0
2697,572683,0
2698,572684,0
2699,572685,0
2700,572686,0
2701,572687,1
2702,572688,0
2703,572689,0
2704,572690,0
2705,572691,0
2706,572692,0
2707,572693,0
2708,572694,0
2709,572695,0
2710,572696,0
2711,572697,0
2712,572698,0
2713,572699,1
2714,572700,0
2715,572701,0
2716,572702,0
2717,572703,0
2718,572704,0
2719,572705,0
2720,572706,0
2721,572707,0
2722,572708,0
2723,572709,0
2724,572710,0
2725,572711,0
2726,572712,0
2727,572713,0
2728,572714,0
2729,572715,0
2730,572716,0
2731,572717,0
2732,572718,0
2733,572719,0
2734,572720,0
2735,572721,0
2736,572722,0
2737,572723,0
2738,572724,0
2739,572725,0
2740,572726,1
2741,572727,0
2742,572728,0
2743,572729,0
2744,572730,0
2745,572731,0
2746,572732,0
2747,572733,0
2748,572734,0
2749,572735,0
2750,572736,0
2751,572737,0
2752,572738,0
2753,572739,1
2754,572740,0
2755,572741,0
2756,572742,0
2757,572743,0
2758,572744,0
2759,572745,0
2760,572746,0
2761,572747,0
2762,572748,0
2763,572749,0
2764,572750,0
2765,572751,0
2766,572752,0
2767,572753,0
2768,572754,1
2769,572755,0
2770,572756,0
2771,572757,0
2772,572758,1
2773,572759,0
2774,572760,0
2775,572761,0
2776,572762,1
2777,572763,0
2778,572764,0
2779,572765,0
2780,572766,0
2781,572767,0
2782,572768,0
2783,572769,0
2784,572770,0
2785,572771,0
2786,572772,0
2787,572773,0
2788,572774,1
2789,572775,0
2790,572776,0
2791,572777,0
2792,572778,0
2793,572779,0
2794,572780,1
2795,572781,0
2796,572782,0
2797,572783,0
2798,572784,0
2799,572785,0
2800,572786,0
2801,572787,0
2802,572788,0
2803,572789,0
2804,572790,0
2805,572791,0
2806,572792,0
2807,572793,0
2808,572794,0
2809,572795,0
2810,572796,0
2811,572797,0
2812,572798,0
2813,572799,0
2814,572800,0
2815,572801,0
2816,572802,0
2817,572803,1
2818,572804,1
2819,572805,0
2820,572806,0
2821,572807,0
2822,572808,0
2823,572809,0
2824,572810,0
2825,572811,0
2826,572812,0
2827,572813,0
2828,572814,0
2829,572815,0
2830,572816,0
2831,572817,0
2832,572818,0
2833,572819,0
2834,572820,0
2835,572821,0
2836,572822,0
2837,572823,0
2838,572824,0
2839,572825,0
2840,572826,0
2841,572827,0
2842,572828,0
2843,572829,0
2844,572830,0
2845,572831,0
2846,572832,0
2847,572833,0
2848,572834,1
2849,572835,1
2850,572836,0
2851,572837,0
2852,572838,0
2853,572839,0
2854,572840,0
2855,572841,0
2856,572842,0
2857,572843,1
2858,572844,0
2859,572845,0
2860,572846,0
2861,572847,0
2862,572848,0
2863,572849,0
2864,572850,0
2865,572851,0
2866,572852,0
2867,572853,0
2868,572854,0
2869,572855,0
2870,572856,0
2871,572857,0
2872,572858,1
2873,572859,0
2874,572860,0
2875,572861,0
2876,572862,0
2877,572863,0
2878,572864,0
2879,572865,0
2880,572866,0
2881,572867,0
2882,572868,0
2883,572869,0
2884,572870,0
2885,572871,1
2886,572872,0
2887,572873,1
2888,572874,0
2889,572875,0
2890,572876,0
2891,572877,0
2892,572878,0
2893,572879,1
2894,572880,0
2895,572881,0
2896,572882,0
2897,572883,0
2898,572884,0
2899,572885,0
2900,572886,0
2901,572887,0
2902,572888,0
2903,572889,0
2904,572890,0
2905,572891,0
2906,572892,0
2907,572893,0
2908,572894,1
2909,572895,0
2910,572896,0
2911,572897,0
2912,572898,0
2913,572899,0
2914,572900,0
2915,572901,0
2916,572902,0
2917,572903,0
2918,572904,0
2919,572905,0
2920,572906,0
2921,572907,0
2922,572908,0
2923,572909,0
2924,572910,0
2925,572911,0
2926,572912,1
2927,572913,0
2928,572914,0
2929,572915,0
2930,572916,0
2931,572917,0
2932,572918,0
2933,572919,0
2934,572920,0
2935,572921,0
2936,572922,0
2937,572923,0
2938,572924,0
2939,572925,0
2940,572926,0
2941,572927,0
2942,572928,0
2943,572929,0
2944,572930,0
2945,572931,0
2946,572932,0
2947,572933,0
2948,572934,0
2949,572935,0
2950,572936,0
2951,572937,0
2952,572938,0
2953,572939,0
2954,572940,0
2955,572941,0
2956,572942,0
2957,572943,0
2958,572944,0
2959,572945,0
2960,572946,0
2961,572947,0
2962,572948,0
2963,572949,0
2964,572950,0
2965,572951,0
2966,572952,0
2967,572953,0
2968,572954,0
2969,572955,0
2970,572956,0
2971,572957,1
2972,572958,0
2973,572959,0
2974,572960,0
2975,572961,0
2976,572962,0
2977,572963,0
2978,572964,0
2979,572965,0
2980,572966,0
2981,572967,0
2982,572968,0
2983,572969,0
2984,572970,0
2985,572971,1
2986,572972,0
2987,572973,0
2988,572974,0
2989,572975,0
2990,572976,0
2991,572977,0
2992,572978,0
2993,572979,0
2994,572980,0
2995,572981,0
2996,572982,0
2997,572983,0
2998,572984,0
2999,572985,0
3000,572986,0
3001,572987,0
3002,572988,0
3003,572989,0
3004,572990,0
3005,572991,0
3006,572992,0
3007,572993,0
3008,572994,0
3009,572995,0
3010,572996,0
3011,572997,0
3012,572998,0
3013,572999,0
3014,573000,0
3015,573001,0
3016,573002,0
3017,573003,0
3018,573004,0
3019,573005,0
3020,573006,0
3021,573007,0
3022,573008,0
3023,573009,0
3024,573010,0
3025,573011,0
3026,573012,0
3027,573013,0
3028,573014,0
3029,573015,0
3030,573016,0
3031,573017,0
3032,573018,0
3033,573019,0
3034,573020,0
3035,573021,0
3036,573022,0
3037,573023,0
3038,573024,0
3039,573025,0
3040,573026,0
3041,573027,0
3042,573028,0
3043,573029,0
3044,573030,0
3045,573031,0
3046,573032,0
3047,573033,0
3048,573034,0
3049,573035,0
3050,573036,0
3051,573037,0
3052,573038,0
3053,573039,0
3054,573040,0
3055,573041,0
3056,573042,0
3057,573043,0
3058,573044,0
3059,573045,0
3060,573046,0
3061,573047,0
3062,573048,0
3063,573049,0
3064,573050,0
3065,573051,0
3066,573052,0
3067,573053,0
3068,573054,0
3069,573055,0
3070,573056,0
3071,573057,0
3072,573058,0
3073,573059,0
3074,573060,0
3075,573061,0
3076,573062,0
3077,573063,0
3078,573064,0
3079,573065,0
3080,573066,0
3081,573067,1
3082,573068,0
3083,573069,0
3084,573070,0
3085,573071,0
3086,573072,0
3087,573073,0
3088,573074,0
3089,573075,0
3090,573076,0
3091,573077,0
3092,573078,0
3093,573079,0
3094,573080,0
3095,573081,1
3096,573082,0
3097,573083,0
3098,573084,0
3099,573085,0
3100,573086,0
3101,573087,0
3102,573088,0
3103,573089,0
3104,573090,0
3105,573091,0
3106,573092,0
3107,573093,0
3108,573094,0
3109,573095,0
3110,573096,0
3111,573097,0
3112,573098,0
3113,573099,0
3114,573100,0
3115,573101,0
3116,573102,0
3117,573103,0
3118,573104,0
3119,573105,0
3120,573106,1
3121,573107,0
3122,573108,0
3123,573109,0
3124,573110,0
3125,573111,0
3126,573112,0
3127,573113,0
3128,573114,0
3129,573115,0
3130,573116,0
3131,573117,0
3132,573118,0
3133,573119,0
3134,573120,0
3135,573121,0
3136,573122,0
3137,573123,0
3138,573124,0
3139,573125,0
3140,573126,0
3141,573127,0
3142,573128,0
3143,573129,0
3144,573130,1
3145,573131,0
3146,573132,0
3147,573133,0
3148,573134,0
3149,573135,0
3150,573136,0
3151,573137,0
3152,573138,0
3153,573139,0
3154,573140,0
3155,573141,0
3156,573142,1
3157,573143,0
3158,573144,0
3159,573145,0
3160,573146,1
3161,573147,0
3162,573148,0
3163,573149,0
3164,573150,0
3165,573151,0
3166,573152,0
3167,573153,0
3168,573154,0
3169,573155,0
3170,573156,1
3171,573157,0
3172,573158,0
3173,573159,0
3174,573160,0
3175,573161,0
3176,573162,0
3177,573163,0
3178,573164,0
3179,573165,0
3180,573166,0
3181,573167,1
3182,573168,0
3183,573169,0
3184,573170,0
3185,573171,1
3186,573172,0
3187,573173,0
3188,573174,0
3189,573175,0
3190,573176,0
3191,573177,0
3192,573178,0
3193,573179,1
3194,573180,0
3195,573181,0
3196,573182,0
3197,573183,0
3198,573184,0
3199,573185,0
3200,573186,0
3201,573187,0
3202,573188,0
3203,573189,0
3204,573190,0
3205,573191,0
3206,573192,0
3207,573193,0
3208,573194,0
3209,573195,0
3210,573196,0
3211,573197,0
3212,573198,0
3213,573199,0
3214,573200,1
3215,573201,0
3216,573202,0
3217,573203,0
3218,573204,0
3219,573205,0
3220,573206,0
3221,573207,0
3222,573208,0
3223,573209,0
3224,573210,0
3225,573211,0
3226,573212,0
3227,573213,1
3228,573214,0
3229,573215,0
3230,573216,0
3231,573217,0
3232,573218,0
3233,573219,0
3234,573220,0
3235,573221,0
3236,573222,0
3237,573223,0
3238,573224,0
3239,573225,0
3240,573226,0
3241,573227,0
3242,573228,0
3243,573229,0
3244,573230,0
3245,573231,0
3246,573232,0
3247,573233,0
3248,573234,0
3249,573235,0
3250,573236,0
3251,573237,0
3252,573238,0
3253,573239,0
3254,573240,0
3255,573241,0
3256,573242,0
3257,573243,0
3258,573244,0
3259,573245,0
3260,573246,0
3261,573247,0
3262,573248,0
3263,573249,0
3264,573250,0
3265,573251,0
3266,573252,0
3267,573253,0
3268,573254,0
3269,573255,0
3270,573256,0
3271,573257,0
3272,573258,0
3273,573259,0
3274,573260,0
3275,573261,0
3276,573262,0
3277,573263,0
3278,573264,0
3279,573265,0
3280,573266,0
3281,573267,0
3282,573268,0
3283,573269,0
3284,573270,0
3285,573271,0
3286,573272,0
3287,573273,0
3288,573274,0
3289,573275,1
3290,573276,0
3291,573277,0
3292,573278,0
3293,573279,0
3294,573280,0
3295,573281,0
3296,573282,0
3297,573283,0
3298,573284,0
3299,573285,0
3300,573286,0
3301,573287,0
3302,573288,0
3303,573289,0
3304,573290,0
3305,573291,0
3306,573292,0
3307,573293,0
3308,573294,0
3309,573295,0
3310,573296,0
3311,573297,0
3312,573298,1
3313,573299,1
3314,573300,0
3315,573301,0
3316,573302,0
3317,573303,0
3318,573304,0
3319,573305,0
3320,573306,0
3321,573307,0
3322,573308,0
3323,573309,0
3324,573310,0
3325,573311,0
3326,573312,0
3327,573313,0
3328,573314,0
3329,573315,1
3330,573316,0
3331,573317,0
3332,573318,0
3333,573319,0
3334,573320,0
3335,573321,0
3336,573322,0
3337,573323,0
3338,573324,0
3339,573325,0
3340,573326,0
3341,573327,0
3342,573328,0
3343,573329,0
3344,573330,0
3345,573331,0
3346,573332,1
3347,573333,0
3348,573334,0
3349,573335,0
3350,573336,0
3351,573337,0
3352,573338,0
3353,573339,0
3354,573340,0
3355,573341,0
3356,573342,0
3357,573343,0
3358,573344,0
3359,573345,0
3360,573346,0
3361,573347,0
3362,573348,0
3363,573349,0
3364,573350,0
3365,573351,0
3366,573352,0
3367,573353,0
3368,573354,0
3369,573355,0
3370,573356,0
3371,573357,0
3372,573358,0
3373,573359,0
3374,573360,0
3375,573361,0
3376,573362,0
3377,573363,0
3378,573364,0
3379,573365,0
3380,573366,0
3381,573367,0
3382,573368,1
3383,573369,0
3384,573370,0
3385,573371,0
3386,573372,1
3387,573373,0
3388,573374,0
3389,573375,0
3390,573376,0
3391,573377,0
3392,573378,0
3393,573379,0
3394,573380,0
3395,573381,1
3396,573382,1
3397,573383,0
3398,573384,0
3399,573385,0
3400,573386,0
3401,573387,0
3402,573388,0
3403,573389,0
3404,573390,0
3405,573391,0
3406,573392,0
3407,573393,0
3408,573394,0
3409,573395,1
3410,573396,0
3411,573397,1
3412,573398,0
3413,573399,0
3414,573400,0
3415,573401,0
3416,573402,0
3417,573403,0
3418,573404,1
3419,573405,1
3420,573406,0
3421,573407,0
3422,573408,0
3423,573409,0
3424,573410,0
3425,573411,1
3426,573412,0
3427,573413,0
3428,573414,0
3429,573415,1
3430,573416,0
3431,573417,0
3432,573418,0
3433,573419,0
3434,573420,0
3435,573421,0
3436,573422,0
3437,573423,0
3438,573424,0
3439,573425,0
3440,573426,0
3441,573427,0
3442,573428,0
3443,573429,0
3444,573430,0
3445,573431,0
3446,573432,0
3447,573433,0
3448,573434,0
3449,573435,0
3450,573436,0
3451,573437,0
3452,573438,0
3453,573439,0
3454,573440,0
3455,573441,0
3456,573442,0
3457,573443,0
3458,573444,0
3459,573445,0
3460,573446,0
3461,573447,0
3462,573448,0
3463,573449,0
3464,573450,0
3465,573451,0
3466,573452,0
3467,573453,0
3468,573454,0
3469,573455,0
3470,573456,1
3471,573457,1
3472,573458,0
3473,573459,0
3474,573460,0
3475,573461,0
3476,573462,0
3477,573463,0
3478,573464,0
3479,573465,0
3480,573466,0
3481,573467,0
3482,573468,0
3483,573469,0
3484,573470,0
3485,573471,0
3486,573472,0
3487,573473,0
3488,573474,0
3489,573475,0
3490,573476,0
3491,573477,0
3492,573478,0
3493,573479,0
3494,573480,0
3495,573481,0
3496,573482,0
3497,573483,0
3498,573484,0
3499,573485,0
3500,573486,0
3501,573487,0
3502,573488,0
3503,573489,0
3504,573490,0
3505,573491,0
3506,573492,0
3507,573493,0
3508,573494,0
3509,573495,0
3510,573496,0
3511,573497,0
3512,573498,0
3513,573499,1
3514,573500,0
3515,573501,0
3516,573502,0
3517,573503,0
3518,573504,0
3519,573505,0
3520,573506,0
3521,573507,0
3522,573508,0
3523,573509,0
3524,573510,1
3525,573511,0
3526,573512,0
3527,573513,0
3528,573514,0
3529,573515,0
3530,573516,0
3531,573517,0
3532,573518,0
3533,573519,1
3534,573520,0
3535,573521,0
3536,573522,0
3537,573523,0
3538,573524,0
3539,573525,0
3540,573526,0
3541,573527,0
3542,573528,0
3543,573529,0
3544,573530,0
3545,573531,0
3546,573532,0
3547,573533,0
3548,573534,0
3549,573535,0
3550,573536,0
3551,573537,0
3552,573538,0
3553,573539,0
3554,573540,0
3555,573541,0
3556,573542,0
3557,573543,0
3558,573544,0
3559,573545,0
3560,573546,0
3561,573547,1
3562,573548,0
3563,573549,0
3564,573550,0
3565,573551,0
3566,573552,0
3567,573553,0
3568,573554,0
3569,573555,0
3570,573556,0
3571,573557,0
3572,573558,0
3573,573559,0
3574,573560,0
3575,573561,0
3576,573562,0
3577,573563,0
3578,573564,0
3579,573565,0
3580,573566,0
3581,573567,0
3582,573568,0
3583,573569,0
3584,573570,0
3585,573571,0
3586,573572,0
3587,573573,1
3588,573574,0
3589,573575,0
3590,573576,0
3591,573577,0
3592,573578,0
3593,573579,0
3594,573580,0
3595,573581,0
3596,573582,0
3597,573583,0
3598,573584,1
3599,573585,0
3600,573586,0
3601,573587,0
3602,573588,0
3603,573589,0
3604,573590,0
3605,573591,0
3606,573592,0
3607,573593,0
3608,573594,0
3609,573595,0
3610,573596,0
3611,573597,0
3612,573598,0
3613,573599,0
3614,573600,0
3615,573601,0
3616,573602,0
3617,573603,0
3618,573604,0
3619,573605,0
3620,573606,0
3621,573607,0
3622,573608,0
3623,573609,0
3624,573610,0
3625,573611,1
3626,573612,0
3627,573613,0
3628,573614,0
3629,573615,1
3630,573616,0
3631,573617,0
3632,573618,0
3633,573619,0
3634,573620,0
3635,573621,0
3636,573622,0
3637,573623,0
3638,573624,0
3639,573625,0
3640,573626,0
3641,573627,1
3642,573628,0
3643,573629,0
3644,573630,0
3645,573631,0
3646,573632,0
3647,573633,0
3648,573634,0
3649,573635,0
3650,573636,0
3651,573637,1
3652,573638,0
3653,573639,0
3654,573640,0
3655,573641,0
3656,573642,1
3657,573643,0
3658,573644,0
3659,573645,0
3660,573646,0
3661,573647,1
3662,573648,0
3663,573649,0
3664,573650,0
3665,573651,0
3666,573652,0
3667,573653,0
3668,573654,0
3669,573655,0
3670,573656,0
3671,573657,0
3672,573658,0
3673,573659,0
3674,573660,0
3675,573661,0
3676,573662,0
3677,573663,0
3678,573664,0
3679,573665,0
3680,573666,0
3681,573667,0
3682,573668,0
3683,573669,0
3684,573670,0
3685,573671,0
3686,573672,0
3687,573673,0
3688,573674,0
3689,573675,0
3690,573676,0
3691,573677,0
3692,573678,0
3693,573679,0
3694,573680,0
3695,573681,0
3696,573682,0
3697,573683,0
3698,573684,0
3699,573685,0
3700,573686,0
3701,573687,0
3702,573688,0
3703,573689,0
3704,573690,0
3705,573691,0
3706,573692,0
3707,573693,0
3708,573694,0
3709,573695,0
3710,573696,1
3711,573697,0
3712,573698,0
3713,573699,0
3714,573700,0
3715,573701,0
3716,573702,0
3717,573703,0
3718,573704,0
3719,573705,0
3720,573706,0
3721,573707,0
3722,573708,0
3723,573709,0
3724,573710,0
3725,573711,0
3726,573712,0
3727,573713,0
3728,573714,0
3729,573715,0
3730,573716,1
3731,573717,0
3732,573718,0
3733,573719,0
3734,573720,0
3735,573721,0
3736,573722,0
3737,573723,0
3738,573724,0
3739,573725,0
3740,573726,0
3741,573727,1
3742,573728,0
3743,573729,0
3744,573730,0
3745,573731,0
3746,573732,0
3747,573733,0
3748,573734,0
3749,573735,0
3750,573736,0
3751,573737,0
3752,573738,0
3753,573739,0
3754,573740,0
3755,573741,0
3756,573742,0
3757,573743,0
3758,573744,0
3759,573745,0
3760,573746,1
3761,573747,0
3762,573748,1
3763,573749,0
3764,573750,0
3765,573751,0
3766,573752,0
3767,573753,0
3768,573754,0
3769,573755,0
3770,573756,0
3771,573757,0
3772,573758,0
3773,573759,0
3774,573760,0
3775,573761,0
3776,573762,0
3777,573763,0
3778,573764,0
3779,573765,0
3780,573766,0
3781,573767,1
3782,573768,0
3783,573769,0
3784,573770,0
3785,573771,0
3786,573772,1
3787,573773,0
3788,573774,0
3789,573775,0
3790,573776,0
3791,573777,0
3792,573778,0
3793,573779,0
3794,573780,0
3795,573781,0
3796,573782,0
3797,573783,0
3798,573784,0
3799,573785,1
3800,573786,0
3801,573787,0
3802,573788,1
3803,573789,0
3804,573790,0
3805,573791,0
3806,573792,1
3807,573793,0
3808,573794,0
3809,573795,0
3810,573796,0
3811,573797,0
3812,573798,0
3813,573799,0
3814,573800,0
3815,573801,0
3816,573802,0
3817,573803,0
3818,573804,0
3819,573805,0
3820,573806,0
3821,573807,0
3822,573808,0
3823,573809,0
3824,573810,0
3825,573811,0
3826,573812,0
3827,573813,0
3828,573814,1
3829,573815,0
3830,573816,0
3831,573817,0
3832,573818,1
3833,573819,0
3834,573820,0
3835,573821,0
3836,573822,0
3837,573823,0
3838,573824,0
3839,573825,0
3840,573826,0
3841,573827,0
3842,573828,0
3843,573829,0
3844,573830,0
3845,573831,0
3846,573832,0
3847,573833,0
3848,573834,0
3849,573835,0
3850,573836,0
3851,573837,0
3852,573838,0
3853,573839,0
3854,573840,0
3855,573841,0
3856,573842,0
3857,573843,0
3858,573844,0
3859,573845,0
3860,573846,0
3861,573847,0
3862,573848,1
3863,573849,0
3864,573850,0
3865,573851,0
3866,573852,1
3867,573853,0
3868,573854,0
3869,573855,0
3870,573856,0
3871,573857,0
3872,573858,0
3873,573859,0
3874,573860,0
3875,573861,0
3876,573862,0
3877,573863,0
3878,573864,0
3879,573865,0
3880,573866,0
3881,573867,0
3882,573868,0
3883,573869,0
3884,573870,0
3885,573871,1
3886,573872,0
3887,573873,0
3888,573874,0
3889,573875,0
3890,573876,0
3891,573877,0
3892,573878,0
3893,573879,0
3894,573880,0
3895,573881,1
3896,573882,0
3897,573883,0
3898,573884,0
3899,573885,0
3900,573886,0
3901,573887,0
3902,573888,0
3903,573889,0
3904,573890,0
3905,573891,0
3906,573892,0
3907,573893,0
3908,573894,0
3909,573895,0
3910,573896,1
3911,573897,0
3912,573898,0
3913,573899,0
3914,573900,1
3915,573901,0
3916,573902,0
3917,573903,0
3918,573904,0
3919,573905,0
3920,573906,0
3921,573907,0
3922,573908,0
3923,573909,0
3924,573910,0
3925,573911,0
3926,573912,0
3927,573913,0
3928,573914,1
3929,573915,0
3930,573916,0
3931,573917,0
3932,573918,0
3933,573919,0
3934,573920,0
3935,573921,0
3936,573922,0
3937,573923,0
3938,573924,0
3939,573925,0
3940,573926,0
3941,573927,0
3942,573928,0
3943,573929,0
3944,573930,0
3945,573931,0
3946,573932,0
3947,573933,0
3948,573934,0
3949,573935,0
3950,573936,0
3951,573937,0
3952,573938,0
3953,573939,0
3954,573940,0
3955,573941,0
3956,573942,0
3957,573943,0
3958,573944,0
3959,573945,0
3960,573946,0
3961,573947,0
3962,573948,0
3963,573949,0
3964,573950,0
3965,573951,0
3966,573952,0
3967,573953,1
3968,573954,0
3969,573955,0
3970,573956,0
3971,573957,0
3972,573958,0
3973,573959,0
3974,573960,0
3975,573961,0
3976,573962,0
3977,573963,0
3978,573964,0
3979,573965,0
3980,573966,0
3981,573967,0
3982,573968,0
3983,573969,0
3984,573970,1
3985,573971,0
3986,573972,0
3987,573973,0
3988,573974,0
3989,573975,1
3990,573976,0
3991,573977,0
3992,573978,0
3993,573979,0
3994,573980,0
3995,573981,0
3996,573982,0
3997,573983,0
3998,573984,0
3999,573985,0
4000,573986,0
4001,573987,0
4002,573988,0
4003,573989,0
4004,573990,0
4005,573991,0
4006,573992,0
4007,573993,0
4008,573994,0
4009,573995,0
4010,573996,0
4011,573997,0
4012,573998,0
4013,573999,0
4014,574000,0
4015,574001,0
4016,574002,0
4017,574003,0
4018,574004,0
4019,574005,1
4020,574006,0
4021,574007,0
4022,574008,0
4023,574009,0
4024,574010,0
4025,574011,0
4026,574012,0
4027,574013,0
4028,574014,0
4029,574015,0
4030,574016,0
4031,574017,0
4032,574018,0
4033,574019,0
4034,574020,0
4035,574021,0
4036,574022,0
4037,574023,0
4038,574024,0
4039,574025,0
4040,574026,0
4041,574027,1
4042,574028,0
4043,574029,0
4044,574030,0
4045,574031,0
4046,574032,0
4047,574033,0
4048,574034,0
4049,574035,1
4050,574036,0
4051,574037,0
4052,574038,0
4053,574039,0
4054,574040,0
4055,574041,1
4056,574042,0
4057,574043,0
4058,574044,0
4059,574045,0
4060,574046,0
4061,574047,0
4062,574048,0
4063,574049,0
4064,574050,0
4065,574051,0
4066,574052,0
4067,574053,1
4068,574054,0
4069,574055,0
4070,574056,0
4071,574057,0
4072,574058,0
4073,574059,1
4074,574060,0
4075,574061,0
4076,574062,0
4077,574063,1
4078,574064,0
4079,574065,0
4080,574066,0
4081,574067,1
4082,574068,0
4083,574069,0
4084,574070,0
4085,574071,0
4086,574072,0
4087,574073,0
4088,574074,0
4089,574075,0
4090,574076,0
4091,574077,0
4092,574078,0
4093,574079,1
4094,574080,0
4095,574081,0
4096,574082,0
4097,574083,1
4098,574084,0
4099,574085,0
4100,574086,0
4101,574087,0
4102,574088,0
4103,574089,0
4104,574090,0
4105,574091,0
4106,574092,0
4107,574093,0
4108,574094,0
4109,574095,0
4110,574096,0
4111,574097,0
4112,574098,0
4113,574099,0
4114,574100,0
4115,574101,0
4116,574102,0
4117,574103,0
4118,574104,0
4119,574105,0
4120,574106,0
4121,574107,0
4122,574108,0
4123,574109,0
4124,574110,0
4125,574111,0
4126,574112,0
4127,574113,0
4128,574114,0
4129,574115,0
4130,574116,0
4131,574117,0
4132,574118,1
4133,574119,0
4134,574120,0
4135,574121,0
4136,574122,1
4137,574123,0
4138,574124,0
4139,574125,0
4140,574126,0
4141,574127,0
4142,574128,0
4143,574129,1
4144,574130,0
4145,574131,1
4146,574132,0
4147,574133,0
4148,574134,0
4149,574135,0
4150,574136,0
4151,574137,1
4152,574138,0
4153,574139,0
4154,574140,0
4155,574141,0
4156,574142,0
4157,574143,0
4158,574144,0
4159,574145,0
4160,574146,0
4161,574147,0
4162,574148,0
4163,574149,0
4164,574150,0
4165,574151,0
4166,574152,0
4167,574153,0
4168,574154,0
4169,574155,0
4170,574156,0
4171,574157,0
4172,574158,0
4173,574159,0
4174,574160,0
4175,574161,0
4176,574162,0
4177,574163,0
4178,574164,0
4179,574165,0
4180,574166,0
4181,574167,0
4182,574168,0
4183,574169,0
4184,574170,0
4185,574171,0
4186,574172,0
4187,574173,0
4188,574174,0
4189,574175,0
4190,574176,0
4191,574177,0
4192,574178,0
4193,574179,0
4194,574180,0
4195,574181,0
4196,574182,0
4197,574183,0
4198,574184,0
4199,574185,0
4200,574186,0
4201,574187,0
4202,574188,0
4203,574189,1
4204,574190,0
4205,574191,0
4206,574192,0
4207,574193,1
4208,574194,0
4209,574195,0
4210,574196,0
4211,574197,0
4212,574198,0
4213,574199,0
4214,574200,0
4215,574201,0
4216,574202,0
4217,574203,0
4218,574204,0
4219,574205,0
4220,574206,0
4221,574207,0
4222,574208,0
4223,574209,0
4224,574210,0
4225,574211,0
4226,574212,0
4227,574213,0
4228,574214,0
4229,574215,0
4230,574216,0
4231,574217,1
4232,574218,0
4233,574219,0
4234,574220,0
4235,574221,0
4236,574222,0
4237,574223,1
4238,574224,0
4239,574225,0
4240,574226,0
4241,574227,0
4242,574228,1
4243,574229,0
4244,574230,0
4245,574231,0
4246,574232,0
4247,574233,1
4248,574234,0
4249,574235,0
4250,574236,0
4251,574237,0
4252,574238,1
4253,574239,0
4254,574240,0
4255,574241,0
4256,574242,0
4257,574243,0
4258,574244,0
4259,574245,0
4260,574246,1
4261,574247,0
4262,574248,1
4263,574249,0
4264,574250,0
4265,574251,0
4266,574252,0
4267,574253,0
4268,574254,0
4269,574255,0
4270,574256,0
4271,574257,0
4272,574258,0
4273,574259,0
4274,574260,0
4275,574261,0
4276,574262,1
4277,574263,0
4278,574264,0
4279,574265,0
4280,574266,0
4281,574267,0
4282,574268,0
4283,574269,0
4284,574270,0
4285,574271,0
4286,574272,0
4287,574273,0
4288,574274,0
4289,574275,0
4290,574276,0
4291,574277,0
4292,574278,0
4293,574279,0
4294,574280,0
4295,574281,0
4296,574282,0
4297,574283,0
4298,574284,0
4299,574285,0
4300,574286,0
4301,574287,0
4302,574288,0
4303,574289,0
4304,574290,0
4305,574291,0
4306,574292,0
4307,574293,0
4308,574294,0
4309,574295,0
4310,574296,0
4311,574297,0
4312,574298,0
4313,574299,0
4314,574300,0
4315,574301,0
4316,574302,0
4317,574303,0
4318,574304,0
4319,574305,1
4320,574306,0
4321,574307,0
4322,574308,0
4323,574309,0
4324,574310,0
4325,574311,0
4326,574312,0
4327,574313,0
4328,574314,0
4329,574315,0
4330,574316,0
4331,574317,1
4332,574318,0
4333,574319,0
4334,574320,0
4335,574321,0
4336,574322,0
4337,574323,0
4338,574324,0
4339,574325,0
4340,574326,0
4341,574327,0
4342,574328,0
4343,574329,0
4344,574330,0
4345,574331,1
4346,574332,0
4347,574333,1
4348,574334,1
4349,574335,0
4350,574336,1
4351,574337,0
4352,574338,0
4353,574339,0
4354,574340,0
4355,574341,0
4356,574342,0
4357,574343,0
4358,574344,0
4359,574345,0
4360,574346,0
4361,574347,0
4362,574348,1
4363,574349,0
4364,574350,0
4365,574351,0
4366,574352,0
4367,574353,0
4368,574354,0
4369,574355,0
4370,574356,0
4371,574357,0
4372,574358,0
4373,574359,1
4374,574360,0
4375,574361,0
4376,574362,0
4377,574363,0
4378,574364,0
4379,574365,0
4380,574366,0
4381,574367,0
4382,574368,0
4383,574369,0
4384,574370,0
4385,574371,0
4386,574372,0
4387,574373,0
4388,574374,0
4389,574375,0
4390,574376,0
4391,574377,0
4392,574378,0
4393,574379,0
4394,574380,0
4395,574381,0
4396,574382,0
4397,574383,0
4398,574384,0
4399,574385,0
4400,574386,0
4401,574387,0
4402,574388,0
4403,574389,0
4404,574390,0
4405,574391,0
4406,574392,0
4407,574393,0
4408,574394,0
4409,574395,0
4410,574396,0
4411,574397,0
4412,574398,0
4413,574399,0
4414,574400,0
4415,574401,0
4416,574402,0
4417,574403,0
4418,574404,0
4419,574405,0
4420,574406,0
4421,574407,0
4422,574408,0
4423,574409,0
4424,574410,0
4425,574411,0
4426,574412,0
4427,574413,0
4428,574414,1
4429,574415,0
4430,574416,0
4431,574417,0
4432,574418,0
4433,574419,0
4434,574420,0
4435,574421,0
4436,574422,0
4437,574423,0
4438,574424,0
4439,574425,0
4440,574426,0
4441,574427,0
4442,574428,0
4443,574429,0
4444,574430,0
4445,574431,0
4446,574432,0
4447,574433,0
4448,574434,0
4449,574435,0
4450,574436,0
4451,574437,0
4452,574438,0
4453,574439,0
4454,574440,0
4455,574441,0
4456,574442,0
4457,574443,0
4458,574444,0
4459,574445,0
4460,574446,0
4461,574447,0
4462,574448,0
4463,574449,0
4464,574450,0
4465,574451,1
4466,574452,0
4467,574453,0
4468,574454,0
4469,574455,0
4470,574456,0
4471,574457,0
4472,574458,1
4473,574459,0
4474,574460,0
4475,574461,0
4476,574462,0
4477,574463,0
4478,574464,0
4479,574465,0
4480,574466,0
4481,574467,0
4482,574468,0
4483,574469,0
4484,574470,0
4485,574471,0
4486,574472,0
4487,574473,0
4488,574474,0
4489,574475,0
4490,574476,0
4491,574477,0
4492,574478,0
4493,574479,1
4494,574480,0
4495,574481,0
4496,574482,0
4497,574483,0
4498,574484,0
4499,574485,0
4500,574486,1
4501,574487,0
4502,574488,0
4503,574489,1
4504,574490,1
4505,574491,0
4506,574492,0
4507,574493,0
4508,574494,0
4509,574495,0
4510,574496,0
4511,574497,0
4512,574498,0
4513,574499,0
4514,574500,0
4515,574501,0
4516,574502,0
4517,574503,0
4518,574504,0
4519,574505,0
4520,574506,0
4521,574507,0
4522,574508,0
4523,574509,0
4524,574510,0
4525,574511,0
4526,574512,0
4527,574513,0
4528,574514,0
4529,574515,0
4530,574516,0
4531,574517,0
4532,574518,0
4533,574519,0
4534,574520,0
4535,574521,0
4536,574522,0
4537,574523,0
4538,574524,0
4539,574525,0
4540,574526,0
4541,574527,0
4542,574528,0
4543,574529,0
4544,574530,0
4545,574531,0
4546,574532,0
4547,574533,0
4548,574534,0
4549,574535,0
4550,574536,0
4551,574537,0
4552,574538,0
4553,574539,0
4554,574540,0
4555,574541,0
4556,574542,0
4557,574543,0
4558,574544,0
4559,574545,0
4560,574546,0
4561,574547,0
4562,574548,0
4563,574549,0
4564,574550,0
4565,574551,0
4566,574552,0
4567,574553,1
4568,574554,0
4569,574555,0
4570,574556,0
4571,574557,0
4572,574558,0
4573,574559,0
4574,574560,0
4575,574561,0
4576,574562,0
4577,574563,0
4578,574564,0
4579,574565,0
4580,574566,0
4581,574567,1
4582,574568,0
4583,574569,0
4584,574570,0
4585,574571,0
4586,574572,0
4587,574573,0
4588,574574,0
4589,574575,0
4590,574576,0
4591,574577,0
4592,574578,0
4593,574579,0
4594,574580,0
4595,574581,0
4596,574582,0
4597,574583,0
4598,574584,0
4599,574585,0
4600,574586,0
4601,574587,0
4602,574588,0
4603,574589,0
4604,574590,0
4605,574591,0
4606,574592,0
4607,574593,0
4608,574594,0
4609,574595,0
4610,574596,0
4611,574597,0
4612,574598,0
4613,574599,0
4614,574600,0
4615,574601,0
4616,574602,0
4617,574603,0
4618,574604,0
4619,574605,0
4620,574606,0
4621,574607,0
4622,574608,0
4623,574609,1
4624,574610,0
4625,574611,0
4626,574612,1
4627,574613,0
4628,574614,0
4629,574615,0
4630,574616,0
4631,574617,0
4632,574618,0
4633,574619,0
4634,574620,0
4635,574621,1
4636,574622,0
4637,574623,0
4638,574624,0
4639,574625,0
4640,574626,0
4641,574627,0
4642,574628,0
4643,574629,0
4644,574630,0
4645,574631,0
4646,574632,0
4647,574633,0
4648,574634,0
4649,574635,0
4650,574636,0
4651,574637,0
4652,574638,0
4653,574639,0
4654,574640,0
4655,574641,0
4656,574642,1
4657,574643,0
4658,574644,0
4659,574645,1
4660,574646,0
4661,574647,0
4662,574648,0
4663,574649,1
4664,574650,0
4665,574651,0
4666,574652,0
4667,574653,0
4668,574654,0
4669,574655,0
4670,574656,0
4671,574657,0
4672,574658,0
4673,574659,0
4674,574660,0
4675,574661,0
4676,574662,1
4677,574663,0
4678,574664,0
4679,574665,0
4680,574666,0
4681,574667,0
4682,574668,0
4683,574669,0
4684,574670,0
4685,574671,0
4686,574672,0
4687,574673,0
4688,574674,0
4689,574675,1
4690,574676,0
4691,574677,0
4692,574678,0
4693,574679,0
4694,574680,0
4695,574681,0
4696,574682,0
4697,574683,0
4698,574684,0
4699,574685,0
4700,574686,0
4701,574687,0
4702,574688,0
4703,574689,0
4704,574690,1
4705,574691,0
4706,574692,0
4707,574693,0
4708,574694,1
4709,574695,0
4710,574696,0
4711,574697,0
4712,574698,0
4713,574699,0
4714,574700,0
4715,574701,0
4716,574702,0
4717,574703,0
4718,574704,0
4719,574705,0
4720,574706,0
4721,574707,0
4722,574708,0
4723,574709,0
4724,574710,0
4725,574711,0
4726,574712,0
4727,574713,1
4728,574714,0
4729,574715,1
4730,574716,0
4731,574717,0
4732,574718,0
4733,574719,1
4734,574720,0
4735,574721,0
4736,574722,1
4737,574723,0
4738,574724,0
4739,574725,0
4740,574726,0
4741,574727,0
4742,574728,0
4743,574729,0
4744,574730,0
4745,574731,0
4746,574732,0
4747,574733,0
4748,574734,0
4749,574735,0
4750,574736,0
4751,574737,0
4752,574738,0
4753,574739,0
4754,574740,0
4755,574741,0
4756,574742,0
4757,574743,0
4758,574744,0
4759,574745,0
4760,574746,0
4761,574747,0
4762,574748,0
4763,574749,0
4764,574750,0
4765,574751,0
4766,574752,0
4767,574753,0
4768,574754,0
4769,574755,0
4770,574756,0
4771,574757,0
4772,574758,0
4773,574759,0
4774,574760,0
4775,574761,0
4776,574762,0
4777,574763,0
4778,574764,0
4779,574765,0
4780,574766,0
4781,574767,0
4782,574768,0
4783,574769,0
4784,574770,0
4785,574771,0
4786,574772,0
4787,574773,0
4788,574774,0
4789,574775,0
4790,574776,0
4791,574777,0
4792,574778,0
4793,574779,0
4794,574780,0
4795,574781,0
4796,574782,0
4797,574783,0
4798,574784,0
4799,574785,0
4800,574786,0
4801,574787,0
4802,574788,0
4803,574789,0
4804,574790,0
4805,574791,0
4806,574792,0
4807,574793,0
4808,574794,0
4809,574795,0
4810,574796,0
4811,574797,0
4812,574798,0
4813,574799,0
4814,574800,0
4815,574801,0
4816,574802,0
4817,574803,0
4818,574804,0
4819,574805,0
4820,574806,1
4821,574807,0
4822,574808,0
4823,574809,0
4824,574810,0
4825,574811,0
4826,574812,0
4827,574813,0
4828,574814,0
4829,574815,0
4830,574816,0
4831,574817,0
4832,574818,0
4833,574819,0
4834,574820,0
4835,574821,0
4836,574822,0
4837,574823,0
4838,574824,0
4839,574825,0
4840,574826,0
4841,574827,0
4842,574828,0
4843,574829,0
4844,574830,1
4845,574831,0
4846,574832,0
4847,574833,1
4848,574834,0
4849,574835,0
4850,574836,0
4851,574837,0
4852,574838,0
4853,574839,0
4854,574840,0
4855,574841,0
4856,574842,0
4857,574843,1
4858,574844,0
4859,574845,0
4860,574846,0
4861,574847,0
4862,574848,0
4863,574849,0
4864,574850,0
4865,574851,0
4866,574852,0
4867,574853,0
4868,574854,1
4869,574855,0
4870,574856,0
4871,574857,0
4872,574858,0
4873,574859,0
4874,574860,0
4875,574861,0
4876,574862,0
4877,574863,0
4878,574864,0
4879,574865,0
4880,574866,0
4881,574867,0
4882,574868,1
4883,574869,0
4884,574870,0
4885,574871,0
4886,574872,0
4887,574873,0
4888,574874,0
4889,574875,0
4890,574876,0
4891,574877,0
4892,574878,0
4893,574879,0
4894,574880,0
4895,574881,0
4896,574882,0
4897,574883,0
4898,574884,0
4899,574885,0
4900,574886,0
4901,574887,0
4902,574888,0
4903,574889,0
4904,574890,0
4905,574891,0
4906,574892,0
4907,574893,0
4908,574894,0
4909,574895,0
4910,574896,0
4911,574897,0
4912,574898,0
4913,574899,0
4914,574900,0
4915,574901,0
4916,574902,0
4917,574903,0
4918,574904,0
4919,574905,1
4920,574906,0
4921,574907,0
4922,574908,0
4923,574909,0
4924,574910,0
4925,574911,0
4926,574912,0
4927,574913,0
4928,574914,0
4929,574915,0
4930,574916,0
4931,574917,0
4932,574918,0
4933,574919,0
4934,574920,1
4935,574921,0
4936,574922,0
4937,574923,0
4938,574924,0
4939,574925,0
4940,574926,0
4941,574927,0
4942,574928,0
4943,574929,0
4944,574930,0
4945,574931,0
4946,574932,0
4947,574933,0
4948,574934,0
4949,574935,0
4950,574936,0
4951,574937,0
4952,574938,0
4953,574939,0
4954,574940,0
4955,574941,0
4956,574942,0
4957,574943,0
4958,574944,0
4959,574945,0
4960,574946,1
4961,574947,0
4962,574948,0
4963,574949,0
4964,574950,0
4965,574951,0
4966,574952,1
4967,574953,0
4968,574954,0
4969,574955,0
4970,574956,1
4971,574957,1
4972,574958,0
4973,574959,0
4974,574960,0
4975,574961,0
4976,574962,0
4977,574963,0
4978,574964,0
4979,574965,0
4980,574966,0
4981,574967,0
4982,574968,0
4983,574969,0
4984,574970,0
4985,574971,0
4986,574972,0
4987,574973,0
4988,574974,1
4989,574975,0
4990,574976,0
4991,574977,0
4992,574978,0
4993,574979,0
4994,574980,0
4995,574981,0
4996,574982,0
4997,574983,0
4998,574984,0
4999,574985,0
